{"val_loss_step": 1.5263671875, "chemotype___c_val_accuracy_step": 0.06896551698446274, "chemotype___c_val_f1score_step": 0.008898776024580002, "chemotype___c_val_precision_step": 0.004756242502480745, "chemotype___c_val_recall_step": 0.06896551698446274, "b1___a___b_val_accuracy_step": 0.2068965584039688, "b1___a___b_val_f1score_step": 0.10837438702583313, "b1___a___b_val_precision_step": 0.07816092669963837, "b1___a___b_val_recall_step": 0.2068965584039688, "b2___a___b_val_accuracy_step": 0.2068965584039688, "b2___a___b_val_f1score_step": 0.09586965292692184, "b2___a___b_val_precision_step": 0.06691297143697739, "b2___a___b_val_recall_step": 0.2068965584039688, "b3___a___b_val_accuracy_step": 0.27586206793785095, "b3___a___b_val_f1score_step": 0.11929170787334442, "b3___a___b_val_precision_step": 0.07609988003969193, "b3___a___b_val_recall_step": 0.27586206793785095, "b4___a___b_val_accuracy_step": 0.4137931168079376, "b4___a___b_val_f1score_step": 0.26840633153915405, "b4___a___b_val_precision_step": 0.19862067699432373, "b4___a___b_val_recall_step": 0.4137931168079376, "b5___a___b_val_accuracy_step": 0.517241358757019, "b5___a___b_val_f1score_step": 0.352664589881897, "b5___a___b_val_precision_step": 0.2675386369228363, "b5___a___b_val_recall_step": 0.517241358757019, "trainer/global_step": 59, "_timestamp": 1745612334.7080455, "_runtime": 192.02968955039978, "_step": 68, "val_loss_epoch": 1.512373447418213, "chemotype___c_val_accuracy_epoch": 0.20075668394565582, "chemotype___c_val_f1score_epoch": 0.06712974607944489, "chemotype___c_val_precision_epoch": 0.040303245186805725, "chemotype___c_val_recall_epoch": 0.20075668394565582, "b1___a___b_val_accuracy_epoch": 0.13407424092292786, "b1___a___b_val_f1score_epoch": 0.07015654444694519, "b1___a___b_val_precision_epoch": 0.05155027285218239, "b1___a___b_val_recall_epoch": 0.13407424092292786, "b2___a___b_val_accuracy_epoch": 0.21896429359912872, "b2___a___b_val_f1score_epoch": 0.11909747123718262, "b2___a___b_val_precision_epoch": 0.08583258092403412, "b2___a___b_val_recall_epoch": 0.21896429359912872, "b3___a___b_val_accuracy_epoch": 0.23764483630657196, "b3___a___b_val_f1score_epoch": 0.09126215428113937, "b3___a___b_val_precision_epoch": 0.056475065648555756, "b3___a___b_val_recall_epoch": 0.23764483630657196, "b4___a___b_val_accuracy_epoch": 0.3258453607559204, "b4___a___b_val_f1score_epoch": 0.20959146320819855, "b4___a___b_val_precision_epoch": 0.1544775366783142, "b4___a___b_val_recall_epoch": 0.3258453607559204, "b5___a___b_val_accuracy_epoch": 0.45755496621131897, "b5___a___b_val_f1score_epoch": 0.2872709035873413, "b5___a___b_val_precision_epoch": 0.20935654640197754, "b5___a___b_val_recall_epoch": 0.45755496621131897, "epoch": 3, "train_loss_epoch": 1.7716116905212402, "chemotype___c_train_accuracy_epoch": 0.1301097869873047, "chemotype___c_train_f1score_epoch": 0.1486874371767044, "chemotype___c_train_precision_epoch": 0.2528682053089142, "chemotype___c_train_recall_epoch": 0.1301097869873047, "b1___a___b_train_accuracy_epoch": 0.10581640154123306, "b1___a___b_train_f1score_epoch": 0.09350179880857468, "b1___a___b_train_precision_epoch": 0.12193349003791809, "b1___a___b_train_recall_epoch": 0.10581640154123306, "b2___a___b_train_accuracy_epoch": 0.1936463564634323, "b2___a___b_train_f1score_epoch": 0.15883925557136536, "b2___a___b_train_precision_epoch": 0.1789398193359375, "b2___a___b_train_recall_epoch": 0.1936463564634323, "b3___a___b_train_accuracy_epoch": 0.30226582288742065, "b3___a___b_train_f1score_epoch": 0.2670632004737854, "b3___a___b_train_precision_epoch": 0.2776755392551422, "b3___a___b_train_recall_epoch": 0.30226582288742065, "b4___a___b_train_accuracy_epoch": 0.36697033047676086, "b4___a___b_train_f1score_epoch": 0.31837698817253113, "b4___a___b_train_precision_epoch": 0.3522736132144928, "b4___a___b_train_recall_epoch": 0.36697033047676086, "b5___a___b_train_accuracy_epoch": 0.49451062083244324, "b5___a___b_train_f1score_epoch": 0.49218833446502686, "b5___a___b_train_precision_epoch": 0.4943608343601227, "b5___a___b_train_recall_epoch": 0.49451062083244324, "train_loss_step": 1.7919921875, "chemotype___c_train_accuracy_step": 0.11666666716337204, "chemotype___c_train_f1score_step": 0.1336219310760498, "chemotype___c_train_precision_step": 0.2088063359260559, "chemotype___c_train_recall_step": 0.11666666716337204, "b1___a___b_train_accuracy_step": 0.12666666507720947, "b1___a___b_train_f1score_step": 0.1145770251750946, "b1___a___b_train_precision_step": 0.16385392844676971, "b1___a___b_train_recall_step": 0.12666666507720947, "b2___a___b_train_accuracy_step": 0.20000000298023224, "b2___a___b_train_f1score_step": 0.15663959085941315, "b2___a___b_train_precision_step": 0.1428752988576889, "b2___a___b_train_recall_step": 0.20000000298023224, "b3___a___b_train_accuracy_step": 0.31333333253860474, "b3___a___b_train_f1score_step": 0.27488186955451965, "b3___a___b_train_precision_step": 0.35470521450042725, "b3___a___b_train_recall_step": 0.31333333253860474, "b4___a___b_train_accuracy_step": 0.3466666638851166, "b4___a___b_train_f1score_step": 0.2988971471786499, "b4___a___b_train_precision_step": 0.3658077120780945, "b4___a___b_train_recall_step": 0.3466666638851166, "b5___a___b_train_accuracy_step": 0.5233333110809326, "b5___a___b_train_f1score_step": 0.5222249031066895, "b5___a___b_train_precision_step": 0.525337815284729, "b5___a___b_train_recall_step": 0.5233333110809326, "_wandb": {"runtime": 206}}