{"val_loss_step": 1.9697265625, "chemotype___a_val_accuracy_step": 0.3604556620121002, "chemotype___a_val_f1score_step": 0.19100700318813324, "chemotype___a_val_precision_step": 0.12992827594280243, "chemotype___a_val_recall_step": 0.3604556620121002, "trainer/global_step": 17, "_timestamp": 1745611929.6884623, "_runtime": 120.8696403503418, "_step": 28, "val_loss_epoch": 1.9679946899414062, "chemotype___a_val_accuracy_epoch": 0.3653346002101898, "chemotype___a_val_f1score_epoch": 0.195511594414711, "chemotype___a_val_precision_epoch": 0.1334693729877472, "chemotype___a_val_recall_epoch": 0.3653346002101898, "epoch": 5, "train_loss_epoch": 2.0629146099090576, "chemotype___a_train_accuracy_epoch": 0.12310207635164261, "chemotype___a_train_f1score_epoch": 0.1420164406299591, "chemotype___a_train_precision_epoch": 0.269329309463501, "chemotype___a_train_recall_epoch": 0.12310207635164261, "_wandb": {"runtime": 120}}