{"val_loss_step": 4.0390625, "phylum___a_val_accuracy_step": 0.11764705926179886, "phylum___a_val_f1score_step": 0.0882352963089943, "phylum___a_val_precision_step": 0.07058823853731155, "phylum___a_val_recall_step": 0.11764705926179886, "class___a_val_accuracy_step": 0.05882352963089943, "class___a_val_f1score_step": 0.006535947788506746, "class___a_val_precision_step": 0.0034602077212184668, "class___a_val_recall_step": 0.05882352963089943, "order___a_val_accuracy_step": 0.0, "order___a_val_f1score_step": 0.0, "order___a_val_precision_step": 0.0, "order___a_val_recall_step": 0.0, "family___a_val_accuracy_step": 0.0, "family___a_val_f1score_step": 0.0, "family___a_val_precision_step": 0.0, "family___a_val_recall_step": 0.0, "genus___a_val_accuracy_step": 0.0, "genus___a_val_f1score_step": 0.0, "genus___a_val_precision_step": 0.0, "genus___a_val_recall_step": 0.0, "trainer/global_step": 142, "_timestamp": 1745610613.521693, "_runtime": 269.43537306785583, "_step": 157, "val_loss_epoch": 3.9809155464172363, "phylum___a_val_accuracy_epoch": 0.4134897291660309, "phylum___a_val_f1score_epoch": 0.3100591003894806, "phylum___a_val_precision_epoch": 0.2480333298444748, "phylum___a_val_recall_epoch": 0.4134897291660309, "class___a_val_accuracy_epoch": 0.10850439965724945, "class___a_val_f1score_epoch": 0.021241601556539536, "class___a_val_precision_epoch": 0.011773204430937767, "class___a_val_recall_epoch": 0.10850439965724945, "order___a_val_accuracy_epoch": 0.014662756584584713, "order___a_val_f1score_epoch": 0.0004262429429218173, "order___a_val_precision_epoch": 0.00021626483066938818, "order___a_val_recall_epoch": 0.014662756584584713, "family___a_val_accuracy_epoch": 0.01173020526766777, "family___a_val_f1score_epoch": 0.00027200477779842913, "family___a_val_precision_epoch": 0.00013759771536570042, "family___a_val_recall_epoch": 0.01173020526766777, "genus___a_val_accuracy_epoch": 0.0029325513169169426, "genus___a_val_f1score_epoch": 1.7149423001683317e-05, "genus___a_val_precision_epoch": 8.599857210356276e-06, "genus___a_val_recall_epoch": 0.0029325513169169426, "epoch": 12, "train_loss_epoch": 4.002607822418213, "phylum___a_train_accuracy_epoch": 0.19839142262935638, "phylum___a_train_f1score_epoch": 0.22560475766658783, "phylum___a_train_precision_epoch": 0.28669628500938416, "phylum___a_train_recall_epoch": 0.19839142262935638, "class___a_train_accuracy_epoch": 0.12064343690872192, "class___a_train_f1score_epoch": 0.11349476873874664, "class___a_train_precision_epoch": 0.16754302382469177, "class___a_train_recall_epoch": 0.12064343690872192, "order___a_train_accuracy_epoch": 0.021447720006108284, "order___a_train_f1score_epoch": 0.02129877731204033, "order___a_train_precision_epoch": 0.03374073654413223, "order___a_train_recall_epoch": 0.021447720006108284, "family___a_train_accuracy_epoch": 0.005361930467188358, "family___a_train_f1score_epoch": 0.0045088957995176315, "family___a_train_precision_epoch": 0.00831099133938551, "family___a_train_recall_epoch": 0.005361930467188358, "genus___a_train_accuracy_epoch": 0.002680965233594179, "genus___a_train_f1score_epoch": 0.001072386046871543, "genus___a_train_precision_epoch": 0.0006702413083985448, "genus___a_train_recall_epoch": 0.002680965233594179, "train_loss_step": 3.978515625, "phylum___a_train_accuracy_step": 0.1944444477558136, "phylum___a_train_f1score_step": 0.24346405267715454, "phylum___a_train_precision_step": 0.3333333432674408, "phylum___a_train_recall_step": 0.1944444477558136, "class___a_train_accuracy_step": 0.1111111119389534, "class___a_train_f1score_step": 0.12962964177131653, "class___a_train_precision_step": 0.1666666716337204, "class___a_train_recall_step": 0.1111111119389534, "order___a_train_accuracy_step": 0.02777777798473835, "order___a_train_f1score_step": 0.018518518656492233, "order___a_train_precision_step": 0.013888888992369175, "order___a_train_recall_step": 0.02777777798473835, "family___a_train_accuracy_step": 0.0, "family___a_train_f1score_step": 0.0, "family___a_train_precision_step": 0.0, "family___a_train_recall_step": 0.0, "genus___a_train_accuracy_step": 0.02777777798473835, "genus___a_train_f1score_step": 0.005050505045801401, "genus___a_train_precision_step": 0.0027777778450399637, "genus___a_train_recall_step": 0.02777777798473835, "_wandb": {"runtime": 269}}